{
	"ngbto_options_desc" : "维持PAYDAY2的可玩性",
	"ngbto_broadcast_title" : "发送给玩家",
	"ngbto_broadcast_desc" : "将玩家档案(技能,装备,游戏时间等)输出在聊天框内",
	"ngbto_hidden_master_title" : "踢出隐藏资料的玩家",
	"ngbto_hidden_master_desc" : "踢出无法获取玩家档案的玩家",
	"ngbto_empty_perk_deck_title" : "踢出天赋为 0/9 (未解锁任何牌) 玩家",
	"ngbto_empty_perk_deck_desc" : "将踢出 0/9 (未解锁任何牌) 的玩家",
	"ngbto_show_skills_title" : "输出 技能/天赋 信息在聊天框内",
	"ngbto_show_skills_desc" : "当玩家加入时会自动输出该玩家的 技能/天赋 信息",
	"ngbto_deathwish_loud_title" : "死亡之愿(强突) 最低游戏小时限制",
	"ngbto_deathwish_loud_desc" : "当你玩 死亡之愿(强突) 难度时,将踢出低于你所设的最低游戏时间的玩家",
	"ngbto_deathwish_stealth_title" : "死亡之愿(潜入) 最低游戏小时限制",
	"ngbto_deathwish_stealth_desc" : "当你玩 死亡之愿(潜入) 难度时,将踢出低于你所设的最低游戏时间的玩家",
	"ngbto_overkill_loud_title" : "枪林弹雨(强突) 最低游戏小时限制",
	"ngbto_overkill_loud_desc" : "当你玩 死亡之愿(强突) 难度时,将踢出低于你所设的最低游戏时间的玩家",
	"ngbto_overkill_stealth_title" : "枪林弹雨(潜入) 最低游戏小时限制",
	"ngbto_overkill_stealth_desc" : "当你玩 枪林弹雨(潜入) 难度时,将踢出低于你所设的最低游戏时间的玩家",
	"ngbto_perk_deck_1_desc" : "踢出正在使用 领队 天赋牌组的玩家",
	"ngbto_perk_deck_2_desc" : "踢出正在使用 肌肉 天赋牌组的玩家",
	"ngbto_perk_deck_3_desc" : "踢出正在使用 军械 天赋牌组的玩家",
	"ngbto_perk_deck_4_desc" : "踢出正在使用 浪人 天赋牌组的玩家",
	"ngbto_perk_deck_5_desc" : "踢出正在使用 杀手 天赋牌组的玩家",
	"ngbto_perk_deck_6_desc" : "踢出正在使用 诡术 天赋牌组的玩家",
	"ngbto_perk_deck_7_desc" : "踢出正在使用 夜贼 天赋牌组的玩家",
	"ngbto_perk_deck_8_desc" : "踢出正在使用 间谍 天赋牌组的玩家",
	"ngbto_perk_deck_9_desc" : "踢出正在使用 疯子 天赋牌组的玩家",
	"ngbto_perk_deck_10_desc" : "踢出正在使用 赌徒 天赋牌组的玩家",
	"ngbto_perk_deck_11_desc" : "踢出正在使用 前卫 天赋牌组的玩家",
	"ngbto_perk_deck_12_desc" : "踢出正在使用 极道 天赋牌组的玩家",
	"ngbto_perk_deck_13_desc" : "踢出正在使用 前总统 天赋牌组的玩家",
	"ngbto_perk_deck_14_desc" : "踢出正在使用 疯子 天赋牌组的玩家",
	"ngbto_perk_deck_15_desc" : "踢出正在使用 无政府主义者 天赋牌组的玩家",
	"ngbto_perk_deck_16_desc" : "踢出正在使用 骑手 天赋牌组的玩家",
	"ngbto_hidden_infamy_title" : "隐藏转生等级",
	"ngbto_hidden_infamy_desc" : "玩家将看不到你的转生次数 (需要启用功能: 踢出隐藏资料的玩家)",
	"ngbto_hidden_infamy_minimum_title" : "隐藏最小转生等级",
	"ngbto_hidden_infamy_minimum_desc" : "将隐藏最小转生等级的玩家的资料 (需要启用功能: 踢出隐藏资料的玩家 和 隐藏转生等级)",
	"lobby_create_message_1" : "该 计划室 将踢出符合:",
	"lobby_create_message_2" : "隐藏个人资料 和",
	"lobby_create_message_3" : "游戏时间低于 ",
	"lobby_create_message_4" : " 小时的玩家.",
	"kick_option_off" : "踢出功能关闭",
	"kick_option_on_1" : "将踢出游戏时间低于  ",
	"kick_option_on_2" : " 小时的玩家.",
	"kick_option_on_3" : "隐藏个人资料的玩家",
	"kick_option_on_4" : " 不会被踢出游戏",
	"kick_option_on_5" : " 会被踢出游戏",
	"player_whitelist" : "他处于白名单里.",
	"player_blacklist" : "他处于黑名单里.",
	"player_was_hidden" : "隐藏个人资料.",
	"player_is_hidden" : "隐藏了个人资料.",
	"hours_kicked_1" : "被踢出,因为仅有",
	"hours_kicked_2" : "小时的游戏时间",
	"hours_joined_1" : "有",
	"hours_joined_2" : "小时的游戏时间",
	"cheater_ban" : "被封禁因为使用了辅助(太多的技能点)",
	"perk_deck_kick_1" : "被踢出,因为他使用",
	"perk_deck_kick_2" : "天赋牌组",
	"perk_deck_kick_3" : "被踢出,因为他使用了 0/9 (没有解锁任何牌) 的天赋牌组",
	"perk_deck_kick_4" : "被踢出,因为转生等级过低",
	"perk_deck_kick_5" : "被踢出,因为转生等级过高",
	"ngbto_local_message_title" : "欢迎消息",
	"ngbto_local_message_desc" : "选择消息将是与你的游戏或英语相同的语言",
	"ngbto_no_deployable_title" : "踢出没有携带任何装备与技能的玩家",
	"ngbto_no_deployable_desc" : "将踢出没有携带任何装备与技能的玩家.(只在游戏开始后有作用)",
	"ngbto_single_turret_desc" : "将踢出携带自动炮塔的玩家.(只在游戏开始后有作用)",
	"ngbto_body_bags_desc" : "将踢出携带尸体袋的玩家.(只在游戏开始后有作用)",
	"ngbto_armor_kit_desc" : "将踢出携带装甲包的玩家.(只在游戏开始后有作用)",
	"ngbto_single_ecm_desc" : "将踢出携带ECM的玩家.(只在游戏开始后有作用)",
	"ngbto_four_first_aid_kits_desc" : "将踢出携带急救包的玩家.(只在游戏开始后有作用)",
	"ngbto_pd2stats_title" : "Pd2stats 防作弊",
	"ngbto_pd2stats_desc" : "使用 Pd2stats 防作弊封禁作弊者",
	"pd2_cheater" : "作弊,并已被Pd2stats封禁",
	"ngbto_hidden_infamy_v_title" : "踢出转生等级为 V-100 的玩家",
	"ngbto_hidden_infamy_v_desc" : "将踢出转生等级为 V-100 的玩家 (需要启用功能: 踢出隐藏资料的玩家 和 隐藏转生等级)",
	"ngbto_hidden_infamy_xxv_title" : "踢出转生等级为 XXV-100 的玩家",
	"ngbto_hidden_infamy_xxv_desc" : "将踢出转生等级为 XXV-100 的玩家 (需要启用功能: 踢出隐藏资料的玩家 和 隐藏转生等级)",
	"ngbto_incomplete_perk_deck_title" : "踢出未完成不完整的牌组的玩家",
	"ngbto_incomplete_perk_deck_desc" : "将踢出装备着未全部解锁的牌组的玩家,例如: 杀手 8/9",
	"ngbto_armor_1_desc" : "将踢出穿着两件套西装的玩家 (只在游戏开始后有作用)",
	"ngbto_armor_2_desc" : "将踢出穿着轻型防弹背心的玩家 (只在游戏开始后有作用)",
	"ngbto_armor_3_desc" : "将踢出穿着防弹背心的玩家 (只在游戏开始后有作用)",
	"ngbto_armor_4_desc" : "将踢出穿着重型防弹背心的玩家 (只在游戏开始后有作用)",
	"ngbto_armor_5_desc" : "将踢出穿着防弹衣的玩家 (只在游戏开始后有作用)",
	"ngbto_armor_6_desc" : "将踢出穿着联合战术防弹衣的玩家 (只在游戏开始后有作用)",
	"ngbto_armor_7_desc" : "将踢出穿着改进型联合战术防弹衣的玩家 (只在游戏开始后有作用)",
	"infamyxxv_kick" : "转生等级为 XXV-100 并隐藏了个人资料",
	"infamyv_kick" : "转生等级为 V-100 并隐藏了个人资料",
	"that_one_string" : "",
	"ngbto_hidden_infamy_maximum_title" : "隐藏最大转生等级",
	"ngbto_hidden_infamy_maximum_desc" : "将隐藏最大转生等级的玩家的资料 (需要启用功能: 踢出隐藏资料的玩家 和 隐藏转生等级)",
	"ngbto_pd2stats_extra_title" : "未完成足够的劫案",
	"ngbto_pd2stats_extra_desc" : "黑名单的人都基本是未参与多少劫案但转生等级很高的人之类的'.\n我特地做了这个, 因为这个设置可以解决许多问题",
	"NGBTO_Off" : "Mod 已经完全关闭.",
	"total_count_kick" : "劫案完成数太少",
	"deathwish_count_kick" : "死亡之愿难度的劫案完成数太少",
	"ngbto_deathwish_heists_title" : "死亡之愿劫案完成数",
	"ngbto_deathwish_heists_desc" : "将踢出死亡之愿劫案完成数比这个值要小的玩家",
	"ngbto_deathwish_heists_number_title" : "死亡之愿劫案完成数设置",
	"ngbto_deathwish_heists_number_desc" : "需要启用功能: 死亡之愿劫案完成数",
	"ngbto_total_heists_title" : "所有的劫案完成数",
	"ngbto_total_heists_desc" : "将踢出所有劫案完成数比这个值要小的玩家",
	"ngbto_total_heists_number_title" : "所有的劫案完成数设置",
	"ngbto_total_heists_number_desc" : "需要启用功能: 所有的劫案完成数",
	"lobby_not_supported" : "该 计划室 将准确地输出玩家资料 以及作弊/封禁玩家",
	"ngbto_language_title" : "语言",
	"ngbto_language_desc" : "选择该Mod的语言 (需要重启游戏)",
	"ngbto_toggle_title" : "开启/关闭 踢人",
	"ngbto_toggle_desc" : "你可以使用绑定按键的方式随时关闭踢人功能",
	"Newbie_Statistics" : "统计数据",
	"Newbie_Kills" : "杀死敌人",
	"Newbie_Spec_Kills" : "杀死特殊敌人",
	"Newbie_Headshots" : "爆头",
	"Newbie_Accuracy" : "精确度",
	"Newbie_Downs" : "倒地",
	"ngbto_statistics_title" : "输出统计数据",
	"ngbto_statistics_desc" : "将在劫案结束后输出成员的数据 (主机功能)",
	"ngbto_skill_overlay_title" : "在界面中输出技能信息",
	"ngbto_skill_overlay_desc" : "当按下这个键时,会在左上角输出玩家的技能信息.",
	"pd_anticheat_self" : "在游戏中启用防作弊",
	"hidden_kick_on" : " 隐藏资料的人将被踢出",
	"ngbto_ingame_anticheat_title" : "在游戏中使用防作弊",
	"ngbto_ingame_anticheat_desc" : "当启用时会在游戏时封禁玩家",
	"ngbto_manual_ban_title" : "封禁",
	"ngbto_manual_ban_desc" : "从玩家列表中选择一个人添加至黑名单",
	"Manual_ban_select" : "选择一个要封禁的人",
	"Manual_ban_button" : "封禁",
	"ngbto_inspection_title" : "玩家信息查看",
	"ngbto_inspection_desc" : "显示一个玩家的各种各样的信息",
	"player_inspection" : "查看选定玩家",
	"Back" : "返回",
	"Level" : "等级",
	"clean" : "正常",
	"warning" : "警告!",
	"Player" : "玩家",
	"Playtime" : "游戏时间",
	"Achievements" : "成就",
	"VAC_status" : "VAC 状态",
	"Pd2Stats_check" : "Pd2Stats 状态",
	"hidden" : "隐藏",
	"manually_added_to_blacklist" : "已被你加入黑名单" ,
	"Newbie_Kill_Per_Minute" : "KPM",
	"ngbto_detailed_skills_title" : "技能树细节" ,
	"ngbto_detailed_skills_desc" : "显示技能树的细节部分",
	"ngbto_options_anti_cheat" : "防作弊",
	"ngbto_options_anti_cheat_desc" : "相较于防作弊,这是一条简单的出路对于那些想要游戏公平进行的人",
	"ngbto_options_armor" : "装甲",
	"ngbto_options_armor_desc" : "装甲排序选项",
	"ngbto_options_data_filters" : "游戏时间 过滤器",
	"ngbto_options_data_filters_desc" : "可以过滤那些游戏时间低于或完成劫案数低于你所设定的这个值的人",
	"ngbto_options_deployables" : "装备",
	"ngbto_options_deployables_desc" : "装备排序选项",
	"ngbto_options_extras" : "信息",
	"ngbto_options_extras_desc" : "选择一条信息显示给你和其他玩家",
	"ngbto_options_hidden" : "隐藏/私人 资料",
	"ngbto_options_hidden_desc" : "隐藏资料选项",
	"ngbto_options_perk_decks" : "天赋牌组",
	"ngbto_options_perk_decks_desc" : "通过天赋牌组排序",
	"ngbto_skill_cheats_title" : "技能点防作弊",
	"ngbto_skill_cheats_desc" : "封禁拥有超过 120 技能点的玩家",
	"ngbto_kick_type_title" : "即时踢人",
	"ngbto_kick_type_desc" : "当选中这个选项,将会在你踢人的时候发送一条信息给你所踢的人在被踢出之前",
	"ngbto_remove_type_title" : "踢人类型",
	"ngbto_remove_type_desc" : "当你从游戏中踢出一个玩家时,可以选择踢人的类型\n隐藏踢人: 将显示失去连接的消息并当他重新加入时会自动拒绝\n显示踢人: 将踢出他们,并不会让他们再加入游戏\n失去连接: 只会与那个人失去连接,并允许他再次加入游戏",
	"hide_kick" : "隐藏踢人",
	"plain_kick" : "显示踢人",
	"disconnect_person" : "断开连接",
	"ngbto_options_infamy" : "杂项",
	"ngbto_options_infamy_desc" : "以比你想象中更快的速度快速的过滤掉玩家",
	"ngbto_infamy_10" : "转生 V - X",
	"ngbto_infamy_15" : "转生 XI - XV",
	"ngbto_infamy_20" : "转生 XVI - XX",
	"ngbto_infamy_24" : "转生 XXI - XXIV",
	"ngbto_infamy_25" : "转生 XXV",
	"ngbto_infamy_hours_desc" : "最少需要的时间达到\n(需要: 转生过滤 时间)",
	"ngbto_infamy_check" : "转生过滤 时间",
	"ngbto_infamy_check_desc" : "当选定后将会过滤那些未达到时间却转生等级很高的人",
	"fast_infamy" : "达到转生等级",
	"too_fast" : "太快",
	"achievements_too_fast" : "太快",
	"ngbto_achievements_check" : "成就过滤 时间",
	"ngbto_achievements_check_desc" : "过滤那些用了 300 小时解锁 370 个成就的人",
	"ngbto_detection_loud_title" : "检测强突",
	"ngbto_detection_loud_desc" : "过滤那些暴露度低于一定值的人\n(只有在游戏中设置标签为强突才能有用)",
	"ngbto_detection_loud_value_title" : "检测强突的暴露度值",
	"ngbto_detection_loud_value_desc" : "这将会踢出那些暴露度低于这个值得人\n(需要: 检测强突)",
	"ngbto_detection_stealth_title" : "检测潜入",
	"ngbto_detection_stealth_desc" : "过滤那些暴露度过高的人\n(只有在游戏中设置标签为潜入才能有用)",
	"ngbto_detection_stealth_value_title" : "检测嵌入的暴露度值",
	"ngbto_detection_stealth_value_desc" : "这将会踢出那些暴露度高于这个值得人\n(需要: 检测潜入)",
	"ngbto_detection_too_high" : "踢出 原因:暴露度过高",
	"ngbto_detection_too_low" : "踢出 原因:暴露度过低",
	"ngbto_first_aid_kit_desc" : "将踢出装备 急救包 的人\n(只在计划阶段和游戏开始时有用)",
	"ngbto_trip_mine_desc" : "将踢出装备 炸药 的人\n(只在计划阶段和游戏开始时有用)",
	"ngbto_doctor_bag_desc" : "将踢出装备 医疗包 的人\n(只在计划阶段和游戏开始时有用)",
	"ngbto_ammo_bag_desc" : "将踢出装备 弹药包 的人\n(只在计划阶段和游戏开始时有用)",
	"ngbto_four_first_aid_kits" : "4个急救包"
}
