{
  "ngbto_options_desc" : "Mod voor ervaren spelers om newbies en cheaters buiten de deur te houden",
  "ngbto_broadcast_title" : "Info delen met spelers",
  "ngbto_broadcast_desc" : "Informatie over spelers delen met anderen in de lobby",
  "ngbto_hidden_master_title" : "Kick verborgen profielen",
  "ngbto_hidden_master_desc" : "Kicked spelers met verborgen profielen die niet in je vriendenlijst staan",
  "ngbto_empty_perk_deck_title" : "Perk deck 0/9 spelers",
  "ngbto_empty_perk_deck_desc" : "Kicked spelers met 0/9 punten in hun perk deck",
  "ngbto_show_skills_title" : "Print skill/perk info",
  "ngbto_show_skills_desc" : "Print informatie over de skills van een speler die binnenkomt",
  "ngbto_deathwish_loud_title" : "Deathwish luid",
  "ngbto_deathwish_loud_desc" : "Minimum aantal gespeelde uren voor deathwish moeilijkheidsgraad bij luid label of geen lobby label",
  "ngbto_deathwish_stealth_title" : "Deathwish stil",
  "ngbto_deathwish_stealth_desc" : "Minimum aantal gespeelde uren voor deathwish moeilijkheidsgraad bij gebruik van stil label",
  "ngbto_overkill_loud_title" : "Overkill luid",
  "ngbto_overkill_loud_desc" : "Minimum aantal gespeelde uren voor overkill moeilijkheidsgraad bij luid label of geen lobby label",
  "ngbto_overkill_stealth_title" : "Overkill stil",
  "ngbto_overkill_stealth_desc" : "Minimum aantal gespeelde uren voor overkill moeilijkheidsgraad bij gebruik van stil label",
  "ngbto_perk_deck_1_desc" : "Kick bij gebruik van Bendeleider",
  "ngbto_perk_deck_2_desc" : "Kick bij gebruik van Spierkracht",
  "ngbto_perk_deck_3_desc" : "Kick bij gebruik van Wapensmid",
  "ngbto_perk_deck_4_desc" : "Kick bij gebruik van Schurk",
  "ngbto_perk_deck_5_desc" : "Kick bij gebruik van Huurmoordenaar",
  "ngbto_perk_deck_6_desc" : "Kick bij gebruik van Boef",
  "ngbto_perk_deck_7_desc" : "Kick bij gebruik van Burglar",
  "ngbto_perk_deck_8_desc" : "Kick bij gebruik van Infiltrator",
  "ngbto_perk_deck_9_desc" : "Kick bij gebruik van Sociopath",
  "ngbto_perk_deck_10_desc" : "Kick bij gebruik van Gambler",
  "ngbto_perk_deck_11_desc" : "Kick bij gebruik van Grinder",
  "ngbto_perk_deck_12_desc" : "Kick bij gebruik van Yakuza",
  "ngbto_perk_deck_13_desc" : "Kick bij gebruik van Ex-President",
  "ngbto_perk_deck_14_desc" : "Kick bij gebruik van Maniac",
  "ngbto_perk_deck_15_desc" : "Kick bij gebruik van Anarchist",
  "ngbto_perk_deck_16_desc" : "Kick players that use Biker perk decks",
  "ngbto_hidden_infamy_title" : "Verborgen profiel en infamy",
  "ngbto_hidden_infamy_desc" : "Verborgen profiel en infamy opzoeken",
  "ngbto_hidden_infamy_minimum_title" : "Minimum infamy",
  "ngbto_hidden_infamy_minimum_desc" : "Minimum infamy niveau voor verborgen profielen",
  "Y" : "JA",
  "N" : "NEE",
  "lobby_create_message_1" : "Deze lobby auto kicked",
  "lobby_create_message_2" : "verborgen profielen en",
  "lobby_create_message_3" : "spelers met minder dan",
  "lobby_create_message_4" : "uur totale speeltijd uit het spel.",
  "kick_option_off" : "Kicken uit",
  "kick_option_on_1" : "Kicken aan voor minder dan ",
  "kick_option_on_2" : "uur.",
  "kick_option_on_3" : "Verborgen profiel",
  "kick_option_on_4" : "worden niet gekicked",
  "kick_option_on_5" : "worden gekicked",
  "player_whitelist" : "staat op je vriendenlijst.",
  "player_blacklist" : "staat op de zwarte lijst.",
  "player_was_hidden" : "had een verborgen profiel.",
  "player_is_hidden" : "heeft een verborgen profiel.",
  "hours_kicked_1" : "gekicked omdat hij minder dan",
  "hours_kicked_2" : "uur had",
  "hours_joined_1" : "heeft",
  "hours_joined_2" : "uren",
  "cheater_ban" : "werd gebanned om gecheatte skillpoints",
  "perk_deck_kick_1" : "gekicked voor het gebruik van",
  "perk_deck_kick_2" : "perk dekken",
  "perk_deck_kick_3" : "gekicked om 0/9 perk dekken",
  "perk_deck_kick_4" : "gekicked omdat zijn infamy niveau te laag was",
  "ngbto_local_message_title" : "Gelocaliseerde welkomst boodschap",
  "ngbto_local_message_desc" : "Kies of je je welkomstboodschap in het Nederlands wilt tonen, of in het Engels ",
  "ngbto_no_deployable_title" : "Geen uitrusting",
  "ngbto_no_deployable_desc" : "Kicked spelers zonder uitrusting uit het spel. ALLEEN VOOR LUID (Werkt alleen als het spel begonnen is)",
  "ngbto_single_turret_desc" : "Kicked spelers met een enkele sentry als uitrusting. ALLEEN VOOR LUID (Werkt alleen als het spel begonnen is)",
  "ngbto_body_bags_desc" : "Kicked spelers met lijkzakken als uitrusting. ALLEEN VOOR LUID (Werkt alleen als het spel begonnen is)",
  "ngbto_armor_kit_desc" : "Kicked spelers met een pantser tas als uitrusting. ALLEEN VOOR LUID (Werkt alleen als het spel begonnen is)",
  "ngbto_single_ecm_desc" : "Kicked spelers met een enkele ECM Stoorzender als uitrusting. ALLEEN VOOR LUID (Werkt alleen als het spel begonnen is)",
  "ngbto_four_first_aid_kits_desc" : "Kicked spelers met voor eerste hulp kits als uitrusting. ALLEEN VOOR LUID (Werkt alleen als het spel begonnen is)",
  "ngbto_pd2stats_title" : "Pd2stats anti cheat",
  "ngbto_pd2stats_desc" : "Gebruik pd2stats anti cheat om spelers te weigeren",
  "pd2_cheater" : "Speelde vals en werd geweigerd",
  "ngbto_hidden_infamy_v_title" : "Infamy V-100 kick",
  "ngbto_hidden_infamy_v_desc" : "Kicked verborgen profielen met Infamy niveau 5 en level 100",
  "ngbto_hidden_infamy_xxv_title" : "Infamy XXV-100 kick",
  "ngbto_hidden_infamy_xxv_desc" : "Kicked verborgen profielen met Infamy niveau 25 en level 100",
  "ngbto_incomplete_perk_deck_title" : "Incomplete perk deck",
  "ngbto_incomplete_perk_deck_desc" : "Kicked spelers met een incomplete perdeck, bijvoorbeeld 8/9 perks in Hitman",
  "ngbto_armor_1_desc" : "Kick spelers met tweedelig pak",
  "ngbto_armor_2_desc" : "Kick spelers met light ballistic vest",
  "ngbto_armor_3_desc" : "Kick spelers met ballistic vest",
  "ngbto_armor_4_desc" : "Kick spelers met heavy ballistic vest",
  "ngbto_armor_5_desc" : "Kick spelers met flack jacket",
  "ngbto_armor_6_desc" : "Kick spelers met combined tactical vest",
  "ngbto_armor_7_desc" : "Kick spelers met improved tactical vest",
  "infamyxxv_kick" : "had XXV-100 verborgen profiel",
  "infamyv_kick" : "had V-100 verborgen profiel",
  "ngbto_hidden_infamy_maximum_title" : "Maximum verborgen infamy",
  "ngbto_hidden_infamy_maximum_desc" : "Maximum infamy level voor verborgen profielen (vereist kick voor verborgen profiel)",
  "NGBTO_Off" : "Mod is uitgeschakeld.",
  "ngbto_pd2stats_extra_title" : "Niet genoeg missies gespeeld",
  "ngbto_pd2stats_extra_desc" : "Blacklist spelers die 'niet genoeg missies gespeeld hebben voor Infamy level'.\n werkt niet foutloos, gebruik voor eigen risico",
  "total_count_kick" : "niet genoeg missies gespeeld",
  "deathwish_count_kick" : "niet genoeg missies gespeeld op deathwish",
  "ngbto_deathwish_heists_title" : "Deathwish aantallen",
  "ngbto_deathwish_heists_desc" : "Kicked spelers met minder dan X deathwish missies gespeeld",
  "ngbto_deathwish_heists_number_title" : "Deathwish aantal",
  "ngbto_deathwish_heists_number_desc" : "Vereist: Deathwish aantallen",
  "ngbto_total_heists_title" : "Total aantallen",
  "ngbto_total_heists_desc" : "Kicked spelers met minder dan X missies uitgespeeld",
  "ngbto_total_heists_number_title" : "Total aantal",
  "ngbto_total_heists_number_desc" : "Vereist: totaal aantallen",
  "lobby_not_supported" : "Deze lobby geeft informatie over inkomende spelers weer, en banned foute spelers automatisch",
  "ngbto_language_title" : "Taal",
  "ngbto_language_desc" : "Kies de taal van de mod (Herstart vereist)",
  "ngbto_toggle_title" : "Kicks aan/uit",
  "ngbto_toggle_desc" : "Met deze keybind kun je kicks aan en uit zetten met een zelf toe te wijzen knop",
  "Newbie_Statistics" : "Statistieken",
  "Newbie_Kills" : "Kills",
  "Newbie_Spec_Kills" : "Speciale Kills",
  "Newbie_Headshots" : "Headshots",
  "Newbie_Accuracy" : "Accuracy",
  "Newbie_Downs" : "Downs",
  "ngbto_statistics_title" : "Print Statistieken",
  "ngbto_statistics_desc" : "Print Statistieken aan het einde van een missie",
  "ngbto_skill_overlay_title" : "Print informatie naar de hud",
  "ngbto_skill_overlay_desc" : "Print bij gebruik snel informatie van alle spelers in een overlay",
  "pd_anticheat_self" : "ingame anti cheat",
  "hidden_kick_on" : " Hidden profiles will be kicked",
  "ngbto_ingame_anticheat_title" : "Gebruik ingame anticheat",
  "ngbto_ingame_anticheat_desc" : "Verban spelers die opgepikt worden door de ingame anticheat",
 "ngbto_manual_ban_title" : "Handmatige ban",
  "ngbto_manual_ban_desc" : "Selecteer spelers uit de huidige spelerslijst om aan de zwarte lijst toe te voegen",
  "Manual_ban_select" : "Selecteer wie te verbannen",
  "Manual_ban_button" : "VERBAN",
  "ngbto_inspection_title" : "Speler Inspectie",
  "ngbto_inspection_desc" : "Toont uiteenlopende info over de geselecteerde speler",
  "player_inspection" : "Inspecteer geselecteerde speler",
  "Back" : "Terug",
  "Level" : "Niveau",
  "clean" : "Schoon",
  "warning" : "WAARSCHUWING!",
  "Player" : "Speler",
  "Playtime" : "Speeltijd",
  "Achievements" : "Achievements",
  "VAC_status" : "VAC status",
  "Pd2Stats_check" : "Pd2Stats status",
  "hidden" : "Verborgen",
  "manually_added_to_blacklist" : "is aan de zwarte lijst toegevoegd",
  "Newbie_Kill_Per_Minute" : "KPM",
  "ngbto_detailed_skills_title" : "Gedetailleerde Skills",
  "ngbto_detailed_skills_desc" : "Toont gedetailleerde skill info",
  "ngbto_options_anti_cheat" : "Anti-Cheat",
  "ngbto_options_anti_cheat_desc" : "Functies gerelateerd aan de anti-cheat, om spelers die de kortste weg kiezen buiten te houden",
  "ngbto_options_armor" : "Pantser",
  "ngbto_options_armor_desc" : "Pantser sorteer opties",
  "ngbto_options_data_filters" : "Uur filters",
  "ngbto_options_data_filters_desc" : "Filter spelers op aantal uur speeltijd of aantal missies",
  "ngbto_options_deployables" : "Inzetbare items",
  "ngbto_options_deployables_desc" : "Sorteer spelers op geselecteerde inzetbare items",
  "ngbto_options_extras" : "Informatie",
  "ngbto_options_extras_desc" : "Selecteer wat voor informatie word getoond aan jou en/of andere spelers",
  "ngbto_options_hidden" : "Verborgen/Prive profielen",
  "ngbto_options_hidden_desc" : "Verborgen profiel sorteer opties",
  "ngbto_options_perk_decks" : "Perk dekken",
  "ngbto_options_perk_decks_desc" : "Perk dek sorteer opties",
  "ngbto_skill_cheats_title" : "Skill punten anti-cheat",
  "ngbto_skill_cheats_desc" : "Verban spelers met meer dan 120 skill punten",
  "ngbto_kick_type_title" : "Instant kick",
  "ngbto_kick_type_desc" : "Wanneer aangevinkt, worden spelers direct gekicked, anders krijgen ze een korte tijd 3x een boodschap te zien waarom ze gekicked worden, en dan gekicked.",
  "ngbto_remove_type_title" : "Soort kick",
  "ngbto_remove_type_desc" : "Hoe spelers te verwijderen, en wat aan de speler te tonen\nVerberg kick: Toont een disconnected boodschap en laat spelers niet herjoinen\nToon kick: Kicked zichtbaar en laat niet herjoinen\nDisconnect: disconnect alleen, laat speler herjoinen",
  "hide_kick" : "Verberg kick",
  "plain_kick" : "Toon kick",
  "disconnect_person" : "Disconnect",
  "ngbto_options_infamy" : "Overig",
  "ngbto_options_infamy_desc" : "Filter spelers die sneller Infamy hebben gehaald dan dat jij denkt mogelijk is",
  "ngbto_infamy_10" : "Infamy V - X",
  "ngbto_infamy_15" : "Infamy XI - XV",
  "ngbto_infamy_20" : "Infamy XVI - XX",
  "ngbto_infamy_24" : "Infamy XXI - XXIV",
  "ngbto_infamy_25" : "Infamy XXV",
  "ngbto_infamy_hours_desc" : "Minimum aantal uur om dit niveau van infamy the halen\n(Benodigd: Infamy bij X uur)",
  "ngbto_infamy_check" : "Infamy bij X uur",
  "ngbto_infamy_check_desc" : "Nodig om onderstaande filters te gebruiken",
  "fast_infamy" : "haalde infamy",
  "too_fast" : "te snel",
  "achievements_too_fast" : "gehaald",
  "ngbto_achievements_check" : "Achievements bij X uur",
  "ngbto_achievements_check_desc" : "Filter spelers die meer dan 370 achievements en minder dan 300 uur speeltijd hebben",
  "ngbto_detection_loud_title" : "Detectie Luid",
  "ngbto_detection_loud_desc" : "Filter spelers op detectie rating\n(Werkt alleen bij lobby met Luid tag)",
  "ngbto_detection_loud_value_title" : "Detectie Luid rating",
  "ngbto_detection_loud_value_desc" : "kicked spelers met minder dan detectie rating\n(Benodigd: Detectie Luid)",
  "ngbto_detection_stealth_title" : "Detectie Stil",
  "ngbto_detection_stealth_desc" : "Filter spelers op detectie rating\n(Werkt alleen bij lobby met Stil tag)",
  "ngbto_detection_stealth_value_title" : "Detectie Stil rating",
  "ngbto_detection_stealth_value_desc" : "kicked spelers met meer dan detectie rating\n(Benodigd: Detectie Stil)",
  "ngbto_detection_too_high" : "gekicked om te hoge detectie rating",
  "ngbto_detection_too_low" : "gekicked om te lage detectie rating",
  "ngbto_first_aid_kit_desc" : "Kicked spelers met EHBO kit uitrusting\n(Werkt alleen als het spel is gestart, of in het uitrusting scherm)",
  "ngbto_trip_mine_desc" : "Kicked spelers met kleefmijn uitrusting\n(Werkt alleen als het spel is gestart, of in het uitrusting scherm)",
  "ngbto_doctor_bag_desc" : "Kicked spelers met Dokter tas uitrusting\n(Werkt alleen als het spel is gestart, of in het uitrusting scherm)",
  "ngbto_ammo_bag_desc" : "Kicked spelers met Munitie tas uitrusting\n(Werkt alleen als het spel is gestart, of in het uitrusting scherm)",
  "ngbto_four_first_aid_kits" : "4 EHBO kits"
}
