{
	"ngbto_options_desc" : "Mod para tener una partida jugable",
	"ngbto_broadcast_title" : "Transmitir a clientes",
	"ngbto_broadcast_desc" : "Transmitir informacion a otros clientes",
	"ngbto_hidden_master_title" : "Expulsar perfiles ocultos",
	"ngbto_hidden_master_desc" : "Expulsa los jugadores con perfiles ocultos",
	"ngbto_empty_perk_deck_title" : "Jugadores con talentos(perk deck) vacios (0/9)",
	"ngbto_empty_perk_deck_desc" : "Expulsa a los jugadores con talentos vacios	",
	"ngbto_show_skills_title" : "Mostrar informacion habilidades/talentos",
	"ngbto_show_skills_desc" : "Muestra en el chat la informacion sobre las habilidades de las personas que se han unido",
	"ngbto_deathwish_loud_title" : "Suicidio Ruidoso",
	"ngbto_deathwish_loud_desc" : "Cantidad minima de horas para la dificultad suicidio con etiqueta ruidoso/sin etiqueta",
	"ngbto_deathwish_stealth_title" : "Suicidio Sigilo",
	"ngbto_deathwish_stealth_desc" : "Cantidad minima de horas para la dificultad suicidio con etiqueta sigilo",
	"ngbto_overkill_loud_title" : "Overkill Ruidoso",
	"ngbto_overkill_loud_desc" : "Cantidad minima de horas para la dificultad overkill con etiqueta ruidoso/sin etiqueta",
	"ngbto_overkill_stealth_title" : "Overkill Sigilo",
	"ngbto_overkill_stealth_desc" : "Cantidad minima de horas para la dificultad suicidio con etiqueta sigilo",
	"ngbto_perk_deck_1_desc" : "Expulsar Jefe de equipo",
	"ngbto_perk_deck_2_desc" : "Expulsar Gorila",
	"ngbto_perk_deck_3_desc" : "Expulsar Armero",
	"ngbto_perk_deck_4_desc" : "Expulsar Rufian",
	"ngbto_perk_deck_5_desc" : "Expulsar Sicario",
	"ngbto_perk_deck_6_desc" : "Expulsar Criminal",
	"ngbto_perk_deck_7_desc" : "Expulsar Ladrón",
	"ngbto_perk_deck_8_desc" : "Expulsar Espia",
	"ngbto_perk_deck_9_desc" : "Expulsar Sociópata",
	"ngbto_perk_deck_10_desc" : "Expulsar Apostador",
	"ngbto_perk_deck_11_desc" : "Expulsar Grinder",
	"ngbto_perk_deck_12_desc" : "Expulsar Yakuza",
	"ngbto_perk_deck_13_desc" : "Expulsar Ex-presidente",
	"ngbto_perk_deck_14_desc" : "Kick Maniac",
	"ngbto_perk_deck_15_desc" : "Kick Anarchist",
	"ngbto_perk_deck_16_desc" : "Kick players that use Biker perk decks",
	"ngbto_hidden_infamy_title" : "Infamia oculta",
	"ngbto_hidden_infamy_desc" : "Buscar infamia oculta(Requiere:Expulsar Perfiles Ocultos)",
	"ngbto_hidden_infamy_minimum_title" : "Infamia minima oculta",
	"ngbto_hidden_infamy_minimum_desc" : "Nivel minimo de infamia para perfiles ocultos(Requiere:Expulsar Perfiles Ocultos)",
	"lobby_create_message_1" : "Esta sala auto-expulsará",
	"lobby_create_message_2" : "perfiles ocultos y",
	"lobby_create_message_3" : "jugadores bajo las",
	"lobby_create_message_4" : "horas totales jugadas.",
	"kick_option_off" : "Auto-expulsion Desactivado",
	"kick_option_on_1" : "Activada la expulsion bajo las",
	"kick_option_on_2" : "horas.",
	"kick_option_on_3" : "Los perfiles ocultos",
	"kick_option_on_4" : "no seran expulsados",
	"kick_option_on_5" : "seran expulsados",
	"player_whitelist" : "esta en la lista blanca.",
	"player_blacklist" : "esta en la lista negra.",
	"player_was_hidden" : "tenia un perfil oculto.",
	"player_is_hidden" : "tiene un perfil oculto",
	"hours_kicked_1" : "expulsado por tener",
	"hours_kicked_2" : "horas",
	"hours_joined_1" : "tiene",
	"hours_joined_2" : "horas",
	"cheater_ban" : "ha sido baneado(a) por usar demasiados puntos de habilidad",
	"perk_deck_kick_1" : "expulsado por usar",
	"perk_deck_kick_2" : "talento",
	"perk_deck_kick_3" : "expulsado por talento vacio 0/9",
	"perk_deck_kick_4" : "expulsado por infamia demasiado baja",
	"perk_deck_kick_5" : "expulsado por infamia muy alta",
	"ngbto_local_message_title" : "Mensaje de bienvenida localizado",
	"ngbto_local_message_desc" : "Selecciona si los mensajes apareceran en el mismo idioma que el juego o en ingles",
	"ngbto_no_deployable_title" : "Sin Equipamineto",
	"ngbto_no_deployable_desc" : "Expulsara a los jugadores que no tengan equipamiento de la partida.",
	"ngbto_single_turret_desc" : "Expulsara a los jugadores que tengan una sola torreta de la partida",
	"ngbto_body_bags_desc" : "Expulsara a los jugadores que tengan bolsas de cadaveres de la partida",
	"ngbto_armor_kit_desc" : "Expulsara a los jugadores que tengan la maleta de blindaje de la partida.",
	"ngbto_single_ecm_desc" : "Expulsara a los jugadores que un solo ECM de la partida.",
	"ngbto_four_first_aid_kits_desc" : "Expulsara a los jugadores que tengan 4 botiquines(First Aid Kits) de la partida.",
	"ngbto_pd2stats_title" : "Pd2stats Anti Trampas",
	"ngbto_pd2stats_desc" : "Usa pd2stats para banear a tramposos",
	"pd2_cheater" : "hizo trampas y fue baneado",
	"ngbto_hidden_infamy_v_title" : "Expulsion infamia V-100 ",
	"ngbto_hidden_infamy_v_desc" : "Expulsa perfiles ocultos que tengan infamia V-100 (Requiere:Expulsar Perfiles Ocultos e Infamia Oculta)",
	"ngbto_hidden_infamy_xxv_title" : "Expulsion infamia XXV-100",
	"ngbto_hidden_infamy_xxv_desc" : "Expulsa perfiles ocultos que tengan infamia XXV-100 (Requiere:Expulsar Perfiles Ocultos e Infamia Oculta)",
	"ngbto_incomplete_perk_deck_title" : "Talentos Incompletos",
	"ngbto_incomplete_perk_deck_desc" : "Expulsa jugadores con talentos incompletos.(Ej : Sicario 8/9)",
	"ngbto_armor_1_desc" : "Expulsa jugadores con el Traje de 2 piezas de la partida (Funciona solo si la partida ya ha empezado)",
	"ngbto_armor_2_desc" : "Expulsa jugadores con el Chaleco Antibalas Ligero (Funciona solo si la partida ya ha empezado)",
	"ngbto_armor_3_desc" : "Expulsa jugadores con el Chaleco Antibalas (Funciona solo si la partida ya ha empezado)",
	"ngbto_armor_4_desc" : "Expulsa jugadores con el Chaleco Antibalas Pesado de la partida (Funciona solo si la partida ya ha empezado)",
	"ngbto_armor_5_desc" : "Expulsa jugadores con el Chaleco Antifragmentos de la partida (Funciona solo si la partida ya ha empezado)",
	"ngbto_armor_6_desc" : "Expulsa jugadores con el Chaleco Combinado Tactico de la partida (Funciona solo si la partida ya ha empezado)",
	"ngbto_armor_7_desc" : "Expulsa jugadores con el Chaleco Tactico Mejorado de la partida (Funciona solo si la partida ya ha empezado)",
	"infamyxxv_kick" : "tenia su perfil Oculto e Infamia XXV-100",
	"infamyv_kick" : "tenia su perfil Oculto e Infamia V-100",
	"that_one_string" : "",
	"ngbto_hidden_infamy_maximum_title" : "Perfil Oculto,Infamia Maxima",
	"ngbto_hidden_infamy_maximum_desc" : "Nivel de infamia maxima para perfiles ocultos (Requiere:Expulsar Perfiles Ocultos e Infamia Oculta)",
	"ngbto_pd2stats_extra_title" : "Numero de golpes completados Insuficientes ",
	"ngbto_pd2stats_extra_desc" : "Mueve a los jugadores a la lista negra con 'Golpes Completados insuficientes para alcanzar infamia n'.\nHice esto por que esta configuracion causaba muchos positivos falsos",
	"NGBTO_Off" : "Mod esta actualmente apagado.",
	"total_count_kick" : "ha completado muy pocos golpes",
	"deathwish_count_kick" : "ha completado muy pocos golpes en Suicidio",
	"ngbto_deathwish_heists_title" : "Golpes completados en Suicidio",
	"ngbto_deathwish_heists_desc" : "Expulsa a los jugadores con un numero menor del deseado de golpes completados en Suicidio",
	"ngbto_deathwish_heists_number_title" : "Numero de Golpes de Suicidio",
	"ngbto_deathwish_heists_number_desc" : "Requiere : Golpes de Suicidio",
	"ngbto_total_heists_title" : "Golpes Completados",
	"ngbto_total_heists_desc" : "Expulsa a los jugadores con un numero menor del deseado de golpes completados",
	"ngbto_total_heists_number_title" : "Numero de Golpes Completados",
	"ngbto_total_heists_number_desc" : "Requiere: Golpes Completados",
	"lobby_not_supported" : "Esta sala mostrara informacion sobre los jugadores,y baneara a los tramposos automaticamente",
	"ngbto_language_title" : "Idioma",
	"ngbto_language_desc" : "Selecciona el Idioma del mod(Requiere reiniciar el juego para que funcione)",
	"ngbto_toggle_title" : "Activar/Desactivar Expulsion",
	"ngbto_toggle_desc" : "Con esta tecla podras activar o desativar la autoexpulsion cuando quieras",
	"Newbie_Statistics" : "Estadisticas",
	"Newbie_Kills" : "Muertes",
	"Newbie_Spec_Kills" : "Muertes de Especiales",
	"Newbie_Headshots" : "Disparos en la Cabeza",
	"Newbie_Accuracy" : "Precisión",
	"Newbie_Downs" : "Derribos",
	"ngbto_statistics_title" : "Mostrar Estadisticas",
	"ngbto_statistics_desc" : "Muestra las estadisticas al final de la partida (solo para el anfitrion)",
	"ngbto_skill_overlay_title" : "Mostrar informacion al hud",
	"ngbto_skill_overlay_desc" : "Al presionar la tecla,se mostrara la informacion de todos en una ventana",
	"pd_anticheat_self" : "Anti trampas dentro del juego",
	"hidden_kick_on" : " Hidden profiles will be kicked",
	"ngbto_ingame_anticheat_title" : "Use ingame anticheat",
	"ngbto_ingame_anticheat_desc" : "Ban people that are tagged by the ingame anticheat",
	"ngbto_manual_ban_title" : "Manual ban",
	"ngbto_manual_ban_desc" : "Select people from the current playlist to add them to the blacklist",
	"Manual_ban_select" : "Select who to ban",
	"Manual_ban_button" : "BAN",
	"ngbto_inspection_title" : "Player inspection",
	"ngbto_inspection_desc" : "Display various infomation about the selected player",
	"player_inspection" : "Inspect selected person",
	"Back" : "Back",
	"Level" : "Level",
	"clean" : "Clean",
	"warning" : "WARNING!",
	"Player" : "Player",
	"Playtime" : "Playtime",
	"Achievements" : "Achievements",
	"VAC_status" : "VAC status",
	"Pd2Stats_check" : "Pd2Stats status",
	"hidden" : "Hidden",
	"manually_added_to_blacklist" : "has been added to blacklist",
	"Newbie_Kill_Per_Minute" : "KPM",
	"ngbto_detailed_skills_title" : "Detailed Skills",
	"ngbto_detailed_skills_desc" : "Show detailed skill points",
	"ngbto_options_anti_cheat" : "Anti-Cheat",
	"ngbto_options_anti_cheat_desc" : "Functions related to anti cheat, this will make your lobby more secure against those who like to take the easy way out",
	"ngbto_options_armor" : "Armor",
	"ngbto_options_armor_desc" : "Armor sorting options",
	"ngbto_options_data_filters" : "Hour filters",
	"ngbto_options_data_filters_desc" : "Filter people by selected amount of playtime or amount of played heists",
	"ngbto_options_deployables" : "Deployables",
	"ngbto_options_deployables_desc" : "Player sorting by selected deployables",
	"ngbto_options_extras" : "Information",
	"ngbto_options_extras_desc" : "Select what information to display to you and the other players",
	"ngbto_options_hidden" : "Hidden/Private profiles",
	"ngbto_options_hidden_desc" : "Hidden profiles sorting options",
	"ngbto_options_perk_decks" : "Perk decks",
	"ngbto_options_perk_decks_desc" : "Perk deck sorting options",
	"ngbto_skill_cheats_title" : "Skill point anti-cheat",
	"ngbto_skill_cheats_desc" : "Ban people that have more than 120 skill points",
	"ngbto_kick_type_title" : "Instant kick",
	"ngbto_kick_type_desc" : "If it is ticked, then it will kick people instantly else it will give them a brief window to read the kick message before being kicked out",
	"ngbto_remove_type_title" : "Kick type",
	"ngbto_remove_type_desc" : "Which way to remove the person from the game, what to show the person\nHide kick: will show them disconnected message and wont let to rejoin\nShow kick: Will kick them and won't let to rejoin\nDisconnect: Will only disconnect the person, letting him to rejoin",
	"hide_kick" : "Hide kick",
	"plain_kick" : "Show kick",
	"disconnect_person" : "Disconnect",
	"ngbto_options_infamy" : "Misc",
	"ngbto_options_infamy_desc" : "Filter people that have gained something faster than you think is possible",
	"ngbto_infamy_10" : "Infamy V - X",
	"ngbto_infamy_15" : "Infamy XI - XV",
	"ngbto_infamy_20" : "Infamy XVI - XX",
	"ngbto_infamy_24" : "Infamy XXI - XXIV",
	"ngbto_infamy_25" : "Infamy XXV",
	"ngbto_infamy_hours_desc" : "Minimum hour count to achieve this level of infamy\n(Requires: Infamy by hours)",
	"ngbto_infamy_check" : "Infamy by hours",
	"ngbto_infamy_check_desc" : "When selected you will be able to use the filters down bellow",
	"fast_infamy" : "achieved infamy",
	"too_fast" : "too fast",
	"achievements_too_fast" : "gained",
	"ngbto_achievements_check" : "Achievements by hours",
	"ngbto_achievements_check_desc" : "Filter people that have more than 370 achievements and less than 300 hours",
	"ngbto_detection_loud_title" : "Detection Loud",
	"ngbto_detection_loud_desc" : "Filter people by detection rate\n(Only works if the game has tag of Loud)",
	"ngbto_detection_loud_value_title" : "Detection Loud rate",
	"ngbto_detection_loud_value_desc" : "It will kick everyone that has lower than this detection rate\n(Requires: Detection Loud)",
	"ngbto_detection_stealth_title" : "Detection Stealth",
	"ngbto_detection_stealth_desc" : "Filter people by detection rate\n(Only works if the game has tag of Stealth)",
	"ngbto_detection_stealth_value_title" : "Detection Stealth rate",
	"ngbto_detection_stealth_value_desc" : "It will kick everyone that has bigger than this detection rate\n(Requires: Detection Stealth)",
	"ngbto_detection_too_high" : "kicked for having too high detection rate",
	"ngbto_detection_too_low" : "kicked for having too low detection rate",
	"ngbto_first_aid_kit_desc" : "Will kick people with first aid kit deployables\n(Only works if the game has started or in loadout screen)",
	"ngbto_trip_mine_desc" : "Will kick people with trip mine deployables\n(Only works if the game has started or in loadout screen)",
	"ngbto_doctor_bag_desc" : "Will kick people with medic bag deployables\n(Only works if the game has started or in loadout screen)",
	"ngbto_ammo_bag_desc" : "Will kick people with ammo bag deployables\n(Only works if the game has started or in loadout screen)",
	"ngbto_four_first_aid_kits" : "4 first aid kits"
}
