{
    "ngbto_options_desc" : "Oyunu oynanilabilir tutmak icin yapilan mod",
    "ngbto_broadcast_title" : "Oyuncularla iletisim",
    "ngbto_broadcast_desc" : "Bilgileri oyunculara ilet",
    "ngbto_hidden_master_title" : "Gizli profilleri at",
    "ngbto_hidden_master_desc" : "Gizli profilleri at",
    "ngbto_empty_perk_deck_title" : "0/9 Perk Deck'li oyuncular",
    "ngbto_empty_perk_deck_desc" : "Perk Deck ilerlemesi 0/9 olan oyunculari at",
    "ngbto_show_skills_title" : "Skill'leri goster",
    "ngbto_show_skills_desc" : "Oyuna katilan oyuncularin Skill'leri ve Perk Deck'i hakkinda bilgi yazdir",
    "ngbto_deathwish_loud_title" : "Deathwish kaba",
    "ngbto_deathwish_loud_desc" : "Kaba etiketi olan ve ya olmayan Deathwish zorluk derecesinde istenen minimum saat miktari",
    "ngbto_deathwish_stealth_title" : "Deathwish gizli",
    "ngbto_deathwish_stealth_desc" : "Gizli etiketi olan Deathwish zorluk derecesinde istenen minimum saat miktari",
    "ngbto_overkill_loud_title" : "Overkill kaba",
    "ngbto_overkill_loud_desc" : "Kaba etiketi olan ve ya olmayan Overkill zorluk derecesinde istenen minimum saat miktari",
    "ngbto_overkill_stealth_title" : "Overkill gizli",
    "ngbto_overkill_stealth_desc" : "Gizli etiketi olan Overkill zorluk derecesinde istenen minimum saat miktari",
    "ngbto_perk_deck_1_desc" : "Crew Chief Perk Deck'ini kullanan oyunculari at",
    "ngbto_perk_deck_2_desc" : "Muscle Perk Deck'ini kullanan oyunculari at",
    "ngbto_perk_deck_3_desc" : "Armorer Perk Deck'ini kullanan oyunculari at",
    "ngbto_perk_deck_4_desc" : "Rogue Perk Deck'ini kullanan oyunculari at",
    "ngbto_perk_deck_5_desc" : "Hitman Perk Deck'ini kullanan oyunculari at",
    "ngbto_perk_deck_6_desc" : "Crook Perk Deck'ini kullanan oyunculari at",
    "ngbto_perk_deck_7_desc" : "Burglar Perk Deck'ini kullanan oyunculari at",
    "ngbto_perk_deck_8_desc" : "Infiltrator Perk Deck'ini kullanan oyunculari at",
    "ngbto_perk_deck_9_desc" : "Sociopath Perk Deck'ini kullanan oyunculari at",
    "ngbto_perk_deck_10_desc" : "Gambler Perk Deck'ini kullanan oyunculari at",
    "ngbto_perk_deck_11_desc" : "Grinder Perk Deck'ini kullanan oyunculari at",
    "ngbto_perk_deck_12_desc" : "Yakuza Perk Deck'ini kullanan oyunculari at",
    "ngbto_perk_deck_13_desc" : "Ex-President Perk Deck'ini kullanan oyunculari at",
    "ngbto_perk_deck_14_desc" : "Maniac Perk Deck'ini kullanan oyunculari at",
    "ngbto_perk_deck_15_desc" : "Anarchist Perk Deck'ini kullanan oyunculari at",
    "ngbto_perk_deck_16_desc" : "Biker Perk Deck'ini kullanan oyunculari at",
    "ngbto_hidden_infamy_title" : "Gizli Infamy",
    "ngbto_hidden_infamy_desc" : "Gizli/Ozel profile sahip olan oyunculari infamy level'ina gore at\n(Gerekli: Gizli profilleri at)",
    "ngbto_hidden_infamy_minimum_title" : "Minimum Gizli Infamy",
    "ngbto_hidden_infamy_minimum_desc" : "Gizli profiller icin minimum infamy level'i\n(Gerekli: Gizli profilleri at ve Gizli infamy)",
    "lobby_create_message_1" : "Bu oda otomatik olarak",
    "lobby_create_message_2" : "gizli profilleri ve",
    "lobby_create_message_3" : "toplam oyun suresi",
    "lobby_create_message_4" : "saatin altinda olanlari oyundan aticaktir.",
    "kick_option_off" : "Oyundan atma devre disi",
    "kick_option_on_1" : "Oyundan atma ",
    "kick_option_on_2" : "saatin altinda olanlar icin acildi",
    "kick_option_on_3" : "Gizli profiller",
    "kick_option_on_4" : "oyundan atilacak",
    "kick_option_on_5" : "oyundan atilmayacak",
    "player_whitelist" : "aklisteden",
    "player_blacklist" : "karalisteden",
    "player_was_hidden" : "atildi cunku gizli profile sahipti",
    "player_is_hidden" : "gizli profile sahip",
    "hours_kicked_1" : "oyuncu",
    "hours_kicked_2" : "saate sahip oldugundan atildi",
    "hours_joined_1" : "oyuncu",
    "hours_joined_2" : "saate sahip",
    "cheater_ban" : "normalden fazla skill point kullandigindan atildi",
    "perk_deck_kick_1" : "oyuncu",
    "perk_deck_kick_2" : "Perk Deck'ini kullandigindan atildi",
    "perk_deck_kick_3" : "Perk Deck'i 0/9 oldugundan atildi",
    "perk_deck_kick_4" : "infamy level'i cok dusuk oldugundan atildi",
    "perk_deck_kick_5" : "infamy level'i cok yuksek oldugundan atildi",
    "ngbto_local_message_title" : "Yerellestirilmis karsilama mesaji",
    "ngbto_local_message_desc" : "Mesajlarin secili oyun dili ya da ingilizce olmasi arasinda tercihini yap\n(Digerleri senin dilini anlamayabilir)",
    "ngbto_no_deployable_title" : "Deployable'i yok",
    "ngbto_no_deployable_desc" : "Deployable'i olmayan oyunculari oyundan atilacak.\n(Sadece oyun devam ederken calisir)",
    "ngbto_single_turret_desc" : "Tek Turret kullanan oyuncular oyundan atilacak.\n(Sadece oyun devam ederken calisir)",
    "ngbto_body_bags_desc" : "Body Bags kullanan oyuncular oyundan atilacak.\n(Sadece oyun devam ederken calisir)",
    "ngbto_armor_kit_desc" : "Armor Bag kullanan oyuncular oyundan atilacak.\n(Sadece oyun devam ederken calisir)",
    "ngbto_single_ecm_desc" : "Tek ECM Jammer kullanan oyuncular oyundan atilacak.\n(Sadece oyun devam ederken calisir)",
    "ngbto_four_first_aid_kits_desc" : "4 First Aid Kit kullanan oyuncular oyundan atilacak.\n(Sadece oyun devam ederken calisir)",
    "ngbto_pd2stats_title" : "Pd2stats anti hile",
    "ngbto_pd2stats_desc" : "Hilecileri uzaklastirmak icin Pd2stats kullan\n(Yanlis yargilara sebep olabilir)",
    "pd2_cheater" : "hile kullandi ve uzaklastirildi",
    "ngbto_hidden_infamy_v_title" : "Gizli Infamy V-100 seviyesini at",
    "ngbto_hidden_infamy_v_desc" : "Gizli profilli ancak V-100 infamy olanlari at\n(Kullanmak icin Gerekli: Gizli profilleri at ve Gizli infamy)",
    "ngbto_hidden_infamy_xxv_title" : "Gizli Infamy XXV-100 seviyesini at",
    "ngbto_hidden_infamy_xxv_desc" : "Gizli profilli ancak XXV-100 infamy olanlari at\n(Kullanmak icin Gerekli: Gizli profilleri at ve Gizli infamy)",
    "ngbto_incomplete_perk_deck_title" : "Tamamlanmamis Perk Deck",
    "ngbto_incomplete_perk_deck_desc" : "Tamamlanmamis Perk Deck barindiran oyunculari at Ornek: Hitman 8/9",
    "incomplete_perk_deck_kick" : "tamamlanmamis ozellik destesi barindirdigindan atildi",
    "ngbto_armor_1_desc" : "Two Piece Suit kullancililarini at\n(Sadece oyun devam ederken calisir)",
    "ngbto_armor_2_desc" : "Light ballistic vest kullancililarini at\n(Sadece oyun devam ederken calisir)",
    "ngbto_armor_3_desc" : "Ballistic vest kullancililarini at\n(Sadece oyun devam ederken calisir)",
    "ngbto_armor_4_desc" : "Heavy ballistic vest kullancililarini at\n(Sadece oyun devam ederken calisir)",
    "ngbto_armor_5_desc" : "Flak jacket kullancililarini at\n(Sadece oyun devam ederken calisir))",
    "ngbto_armor_6_desc" : "Combined tactical vest kullancililarini at\n(Sadece oyun devam ederken calisir)",
    "ngbto_armor_7_desc" : "Improved tactical vest kullancililarini at\n(Sadece oyun devam ederken calisir)",
    "infamyxxv_kick" : "XXV-100 olan bir gizli profile sahipti",
    "infamyv_kick" : "V-100 olan bir gizli profile sahipti",
    "that_one_string" : "",
    "ngbto_hidden_infamy_maximum_title" : "En fazla gizli Infamy",
    "ngbto_hidden_infamy_maximum_desc" : "Gizli profiller icin en fazla infamy seviyesi\n(Gerekli: Gizli profilleri at ve Gizli infamy)",
    "ngbto_pd2stats_extra_title" : "Yeteri kadar soygun tamamlanmadi",
    "ngbto_pd2stats_extra_desc" : "'Bilmemne Infamy seviyesine ulasmak icin yeteri kadar soygun tamamlanmadi' ibaresini barindiran oyunculari uzaklastir.\nBunu yaptim, cunku bu ayar cok fazla olumsuz goruse sahip",
    "NGBTO_Off" : "Modifikasyon devre disi birakildi",
    "total_count_kick" : "cok az soygun tamamladi",
    "deathwish_count_kick" : "deathwish zorluk seviyesinde cok az soygun tamamladi",
    "ngbto_deathwish_heists_title" : "Deathwish soygunlari",
    "ngbto_deathwish_heists_desc" : "Istenen numaradan daha az deathwish zorluk derecesinde soygun tamamlamis olanlari oyundan at",
    "ngbto_deathwish_heists_number_title" : "Deathwish soygun sayaci",
    "ngbto_deathwish_heists_number_desc" : "Gerekli: Deathwish soygunlari",
    "ngbto_total_heists_title" : "Toplam soygunlar",
    "ngbto_total_heists_desc" : "Istenen numaradan daha az soygun tamamlamis olanlari oyundan at",
    "ngbto_total_heists_number_title" : "Toplam Soygun Sayaci",
    "ngbto_total_heists_number_desc" : "Gerekli: Toplam Soygunlar",
    "lobby_not_supported" : "Bu oda katilan oyuncular hakkinda bilgi yazacak ve otomatik olarak hilecileri uzaklastiracak",
    "ngbto_language_title" : "Dil",
    "ngbto_language_desc" : "Modun bilgi vermek icin kullanacagi dil secimi\n(Etki etmesi icin yeniden baslatilmasi gereklidir)",
    "ngbto_toggle_title" : "Gecis Yap",
    "ngbto_toggle_desc" : "Bu tus atamasi ile istedigin zaman modu kapayabilir ve ya acabilirsin",
    "Newbie_Statistics" : "Istatistikler",
    "Newbie_Kills" : "Lesler",
    "Newbie_Kill_Per_Minute" : "DBL",
    "Newbie_Spec_Kills" : "Ozel Lesler",
    "Newbie_Headshots" : "Kafadan Vurus",
    "Newbie_Accuracy" : "Isabetlilik",
    "Newbie_Downs" : "Dusmeler",
    "ngbto_statistics_title" : "Istatistikleri yazdir",
    "ngbto_statistics_desc" : "Butun oyuncularin Istatistiklerini soygunun sonunda yazdir\n(sadece oda sahipleri icin)",
    "ngbto_skill_overlay_title" : "Hizli Skill'ler",
    "ngbto_skill_overlay_desc" : "Basildiginda herkesin hakkinda bilgileri bir kaplamada gosterir ve 5 saniye icerisinde gozukmeyi birakir",
    "pd_anticheat_self" : "oyun ici anti hile",
    "hidden_kick_on" : " Gizli profiller oyundan atilacak",
    "ngbto_ingame_anticheat_title" : "Oyun ici anti hileyi kullan",
    "ngbto_ingame_anticheat_desc" : "Oyun ici anti hile tarafindan etiketlenen oyunculari uzaklastir",
    "ngbto_manual_ban_title" : "Elle uzaklastirma",
    "ngbto_manual_ban_desc" : "Gecerli oyunlistesinden oyuncu secip, onlari karalisteye ekler",
    "Manual_ban_select" : "Karalisteye eklemek icin oyuncuyu sec",
    "Manual_ban_button" : "UZAKLASTIR",
    "ngbto_inspection_title" : "Oyuncu denetle",
    "ngbto_inspection_desc" : "Secili oyuncu hakkinda cesitli bilgileri denetle",
    "player_inspection" : "Secili oyuncuyu denetle",
    "Back" : "Geri",
    "Level" : "Level",
    "clean" : "Temiz",
    "warning" : "TEHLIKE!",
    "Player" : "Oyuncu",
    "Playtime" : "Oyunsuresi",
    "Achievements" : "Basarimlar",
    "VAC_status" : "VAC durumu",
    "Pd2Stats_check" : "Pd2Stats durumu",
    "hidden" : "Gizli",
    "manually_added_to_blacklist" : "karalisteye eklendi",
    "refresh" : "yenile",
    "ngbto_detailed_skills_title" : "Detayli skill",
    "ngbto_detailed_skills_desc" : "Skill bilgilerini detayli olarak goster\n Ornek: FishTaco |10:30:40:0:15| or FishTaco M (10:30:40) E(0:15:0) T(0:15:0) G(0:15:0) F(0:15:0)",
    "ngbto_options_anti_cheat" : "Anti-Hile",
    "ngbto_options_anti_cheat_desc" : "anti-hile'ye yonelik fonksiyonlar, bu lobinizi kolay yolu tercih edenlere karsi guvende tutacaktir",
    "ngbto_options_armor" : "Armor",
    "ngbto_options_armor_desc" : "Armor ile ilgili ayarlar",
    "ngbto_options_data_filters" : "Saat Filtreleri",
    "ngbto_options_data_filters_desc" : "secilen sureye ve ya oynanan soygun sayisina gore insalara filtre koyar",
    "ngbto_options_deployables" : "Deployable'lar",
    "ngbto_options_deployables_desc" : "secili Deployable'a gore oyunculari denetler",
    "ngbto_options_extras" : "Bilgi",
    "ngbto_options_extras_desc" : "sana ve oteki oyunculara hangi bilgilerin gozukecegini ayarla",
    "ngbto_options_hidden" : "Gizli/Ozel Profiller",
    "ngbto_options_hidden_desc" : "gizli profilleri denetleme ayarlari",
    "ngbto_options_perk_decks" : "Perk Deckler",
    "ngbto_options_perk_decks_desc" : "perk decklerle ilgili denetleme ayarlari",
    "ngbto_skill_cheats_title" : "Skill Point Anti-Hile",
    "ngbto_skill_cheats_desc" : "120'den fazla skill point sahiplerini uzaklastir",
    "ngbto_kick_type_title" : "Aniden atma",
    "ngbto_kick_type_desc" : "Eger isaretliyse, oyunculari bilgi penceresi vermeden direk oyundan atacaktir",
    "ngbto_remove_type_title" : "Atma tipi",
    "ngbto_remove_type_desc" : "Birini hangi yoldan atacaginizi belirler, gosterecek bilgiler dahilinde\nGizli atma: baglantilarini koparacak ve yeniden katilmalarina musahade etmeyecek\nGostererek Atma: Oyundan atacak ve yeniden katilmalarina musahade etmeyecek\nBaglanti Koparma: Baglantisini koparacak, ancak yeniden katilabilecek",
    "hide_kick" : "Gizli Atma",
    "plain_kick" : "Gostererek Atma",
    "disconnect_person" : "Baglanti Koparma",
    "ngbto_options_infamy" : "Cesitli",
    "ngbto_options_infamy_desc" : "bir seyi dusundugunden daha hizli kazanan insanlari filtrele",
    "ngbto_infamy_10" : "Infamy V - X",
    "ngbto_infamy_15" : "Infamy XI - XV",
    "ngbto_infamy_20" : "Infamy XVI - XX",
    "ngbto_infamy_24" : "Infamy XXI - XXIV",
    "ngbto_infamy_25" : "Infamy XXV",
    "ngbto_infamy_hours_desc" : "belirlenen infamye ulasilmasi icin on gorulen minimum saat miktari\n(Gerekli: Saate Gore Infamy)",
    "ngbto_infamy_check" : "Saate Gore Infamy",
    "ngbto_infamy_check_desc" : "Secildigi zaman assagidaki filtrelere ulasim imkani saglar",
    "fast_infamy" : "ulasilan infamy",
    "too_fast" : "cok hizli",
    "achievements_too_fast" : "kazanilmis",
    "ngbto_achievements_check" : "Saate Gore Basarim",
    "ngbto_achievements_check_desc" : "370 basarimdan daha fazlasini 300 saaten az bir surede kazananlari filtrele",
    "ngbto_detection_loud_title" : "Detection Kaba",
    "ngbto_detection_loud_desc" : "Insanlari detection rate'e gore filtrele\n(Sadece Oyun Kaba Etiketliyse Calisir)",
    "ngbto_detection_loud_value_title" : "Detection Kaba Orani",
    "ngbto_detection_loud_value_desc" : "Bu Detection Rate'ten dusuk oranda olan herkesi oyundan atacak\n(Gerekli: Detection Kaba)",
    "ngbto_detection_stealth_title" : "Detection Gizli",
    "ngbto_detection_stealth_desc" : "Insanlari detection rate'e gore filtrele\n(Sadece Oyun Gizli Etiketliyse Calisir)",
    "ngbto_detection_stealth_value_title" : "Detection Gizli Orani",
    "ngbto_detection_stealth_value_desc" : "Bu Detection Rate'ten yuksek oranda olan herkesi oyundan atacak\n(Gerekli: Detection Gizli)",
    "ngbto_detection_too_high" : "cok yuksek detection rate'i oldugundan atildi",
    "ngbto_detection_too_low" : "cok dusuk detection rate'i oldugundan atildi",
    "ngbto_first_aid_kit_desc" : "First Aid Kit Deployable'i sahibi oyunculari atacak.\n(Only works if the game has started or in loadout screen)",
    "ngbto_trip_mine_desc" : "Trip Mine Deployable'i sahibi oyunculari atacak.\n(Only works if the game has started or in loadout screen)",
    "ngbto_doctor_bag_desc" : "Doctor Bag Deployable'i sahibi oyunculari atacak.\n(Only works if the game has started or in loadout screen)",
    "ngbto_ammo_bag_desc" : "Ammo Bag Deployable'i sahibi oyunculari atacak.\n(Only works if the game has started or in loadout screen)",
    "ngbto_four_first_aid_kits" : "4 first aid kit"
}
