{
            "buff": {
                        "buffSize": 42,
                           "style": 3
                    },
            "chat": {
                              "custody": 0,
                               "downed": 0,
                        "downedWarning": 1,
                              "endStat": 0,
                              "messiah": 0,
                           "minionLost": 0,
                           "minionShot": 0
                    },
          "corner": {
                                  "color": "Teal",
                        "showClockIngame": true,
                                   "size": 14
                    },
            "game": {
                                  "corpseLimit": 1,
                        "fasterAIDesyncResolve": 2,
                               "resizeCrimenet": 1,
                            "subtitleFontColor": "Aqua",
                              "subtitleOpacity": 90
                    },
    "playerBottom": {
                            "showPing": 1,
                        "showPosition": 1,
                         "showSpecial": 1,
                                "size": 15
                    },
            "root": {
                            "language": "RU",
                        "shuffleMusic": true
                    }
}