{"unlock_humble_pack4":false,"unlock_big_bank":true,"unlock_tango":true,"unlock_gage_pack_lmg":true,"unlock_steel":true,"unlock_gage_pack":true,"unlock_dragon":true,"unlock_turtles":true,"unlock_opera":true,"unlock_speedrunners":false,"unlock_pn2":true,"unlock_hlm2_deluxe":true,"unlock_kenaz":true,"unlock_born":true,"unlock_urf_bundle":true,"unlock_dgm":true,"unlock_mom":true,"unlock_pdth_soundtrack":false,"unlock_nyck_bundle":true,"unlock_hlm2_aus":true,"unlock_overkill_pack":true,"unlock_gotti_bundle":true,"unlock_dbd_clan":false,"unlock_max":true,"unlock_gage_pack_shotgun":true,"unlock_e3_s15c":false,"unlock_bsides_soundtrack":true,"unlock_hlm2":true,"unlock_bbq":true,"unlock_yor_bundle":true,"unlock_pdcon_2015":false,"unlock_spa":true,"unlock_gage_pack_jobs":true,"unlock_swm":false,"unlock_preorder":false,"unlock_the_bomb":true,"unlock_alienware_alpha_promo":false,"unlock_twitch_pack":false,"unlock_grv":true,"unlock_character_pack_sokol":true,"unlock_hl_miami":true,"unlock_hlm_game":false,"unlock_dbd_deluxe":false,"unlock_arena":true,"unlock_armored_transport":true,"unlock_bobblehead":false,"unlock_peta":true,"unlock_e3_s15b":false,"unlock_west":true,"unlock_berry":true,"unlock_win_bundle":true,"unlock_chico":true,"unlock_friend":true,"unlock_pal":true,"unlock_e3_s15d":false,"unlock_humble_pack3":false,"unlock_e3_s15a":false,"unlock_character_pack_dragan":true,"unlock_jigg":false,"unlock_full_game":true,"unlock_wild":true,"unlock_sha":true,"unlock_hope_diamond":true,"unlock_pd2_clan":true,"unlock_alienware_alpha":false,"unlock_mp2":true,"unlock_gage_pack_assault":true,"unlock_akm4_pack":true,"unlock_pdcon_2016":false,"unlock_sparkle":false,"unlock_pim":true,"unlock_rota":true,"unlock_soundtrack":true,"unlock_xmas_soundtrack":true,"unlock_complete_overkill_pack":true,"unlock_ant":false,"unlock_career_criminal_edition":false,"unlock_gage_pack_historical":true,"unlock_gage_pack_snp":true,"unlock_solus_clan":false,"unlock_character_pack_clover":true,"unlock_humble_pack2":true,"unlock_fdm":false,"unlock_amp":true,"unlock_raidww2_clan":true}